"","Species","Site","Assessment","Year","Method","SampleSize","Value","LowerCI","UpperCI","SD","Metric","Flag"
"1","Blue tang","All","LBAR",2015,"LBAR",1554,"1.71304136993448",1.41129760221823,2.06271352915628,0.145561367746109,"FvM","None"
"2","Blue tang","All","LBAR",2015,"LBAR",1554,"1.71304136993448",1.41129760221823,2.06271352915628,0.145561367746109,"FvM","None"
"3","Blue tang","All","LBAR",2015,"LBAR",1554,"1.71304136993448",1.41129760221823,2.06271352915628,0.145561367746109,"FvM","None"
"4","Blue tang","All","LBAR",2015,"LBAR",1554,"1.71304136993448",1.41129760221823,2.06271352915628,0.145561367746109,"FvM","None"
