"","id10","year","catch"
"1","HOLOAD",1995,44.905909968
"2","HOLOAD",1996,4.195991587
"3","HOLOAD",2002,11.33997726
"4","HOLOAD",2015,777.91028
