species,common,K,Linf,M,Mat50,m95,t0,tmax,Wa,Wb
ACANCH,,0.08,36.69,0.11,21.21,24.18,-4.31,27,0.0040602,3.533
ACANCO,,0.49,23.1,0.19,14,15.96,-0.25,16,0.22185,2.464933
BALIVE,,0.3,41.59,0.43,23.69,27.01,-0.6,7,0.000101,2.75
HOLOAD,,0.34,52.2314,0.356635,29.12936,33.20747,-0.4,8.4,0.242209,2.36457
LUTJMA,,0.097,58.89,0.299573,32.44294809,36.98496082,-1.728,10,0.0428,2.719
LUTJSY,,0.27,45.49,0.245551826,28.48924179,32.47773565,-0.815,12.2,0.0202,3
LUTJVI,,0.1,74.07,0.332859142,32.78846154,37.37884615,-1.87,9,0.0373,2.7812
SERRGU,,0.09,55.78,0.43,30.9,35.22,-3.82,17.5,0.01338,3.0412
